customer_id,name,email,phone,city,join_date
CUST-10000,Nitesh Raval,girish83@example.com,+914481890308,Dubai,2025-01-21
CUST-10001,Benjamin Bhardwaj,pavanikashyap@example.net,+913266208264,Dubai,2024-11-11
CUST-10002,Advik Borra,kapadiaimaran@example.com,0559849207,Ajman,2026-07-18
CUST-10003,Eshana Shan,amol17@example.net,09283905019,Abu Dhabi,2024-12-19
CUST-10004,Naksh Talwar,yahvichand@example.net,08113278491,Ajman,2025-09-24
CUST-10005,Anirudh Ravi,bhaktachaitaly@example.com,03762019998,Dubai,2024-08-15
CUST-10006,Gabriel Chahal,kaurpahal@example.net,05492652388,Abu Dhabi,2025-08-13
CUST-10007,Hredhaan Palan,xseth@example.org,8892548420,Abu Dhabi,2026-05-05
CUST-10008,Zayyan Shankar,usaha@example.org,0241162472,Dubai,2024-07-31
CUST-10009,Udarsh Nigam,vedasundaram@example.com,+913684955064,Abu Dhabi,2026-05-08
CUST-10010,Balveer Karan,watika12@example.org,+916005370792,Ajman,2024-10-13
CUST-10011,Girik Chaudhuri,yutika19@example.net,+911676997603,Dubai,2026-06-06
CUST-10012,William Thaman,sacharojasvi@example.com,7923209306,Sharjah,2025-04-06
CUST-10013,Nicholas Dasgupta,sagarkamala@example.org,04498608263,Abu Dhabi,2024-10-23
CUST-10014,Ati Palla,mitraayushman@example.net,+912781742137,Sharjah,2025-12-22
CUST-10015,Yashoda Konda,bkeer@example.net,04675236496,Ajman,2026-04-20
CUST-10016,Harita Lall,nattgayathri@example.org,+910827763918,Sharjah,2025-10-21
CUST-10017,Chaitanya Bhatnagar,qabil23@example.com,5849745976,Abu Dhabi,2026-05-19
CUST-10018,Abeer Bali,gillaashi@example.net,4902619392,Dubai,2025-10-13
CUST-10019,Amaira Sur,krishnamurthyurishilla@example.com,00649052011,Abu Dhabi,2026-03-31
CUST-10020,Wakeeta Kamdar,imaran70@example.net,+915495663565,Ajman,2025-07-27
CUST-10021,Indrajit Chokshi,geetika40@example.org,00906318542,Dubai,2025-08-13
CUST-10022,Harinakshi Comar,chaitanya13@example.org,+914859849120,Sharjah,2025-12-22
CUST-10023,Chaitanya Basu,ibora@example.net,+914335238574,Abu Dhabi,2026-05-11
CUST-10024,Jasmit Chad,shanvarenya@example.com,00975405282,Sharjah,2025-01-14
CUST-10025,Qasim Palan,lallahardik@example.net,3337287132,Abu Dhabi,2025-09-07
CUST-10026,Hema Rattan,paiwarjas@example.com,02544426088,Dubai,2026-02-17
CUST-10027,Chavvi Ratti,abobal@example.net,02558802400,Ajman,2024-09-25
CUST-10028,Qushi Andra,kkuruvilla@example.net,01297841532,Abu Dhabi,2025-05-31
CUST-10029,Anvi Lad,jagrati72@example.com,3390024084,Dubai,2025-10-19
CUST-10030,Lakshit Solanki,khatrihenry@example.net,08273178095,Ajman,2025-09-23
CUST-10031,Lavanya Bal,ykrishna@example.com,+910856670225,Sharjah,2025-04-04
CUST-10032,Ayushman Chopra,darpan23@example.org,05484688367,Dubai,2025-04-08
CUST-10033,Tejas Soni,raoria@example.com,+917248560139,Sharjah,2026-01-09
CUST-10034,Andrew Wagle,rsrinivas@example.org,4854652938,Ajman,2026-01-06
CUST-10035,Brinda Patel,omnarasimhan@example.com,07316119556,Dubai,2025-09-19
CUST-10036,Hredhaan Mistry,janaki47@example.org,1271742833,Abu Dhabi,2024-12-08
CUST-10037,Vedhika Borde,vchaudhari@example.net,3641350355,Abu Dhabi,2026-05-08
CUST-10038,Brinda Rai,ethan69@example.net,+918430953228,Dubai,2026-01-10
CUST-10039,Vasana Chopra,cbadami@example.org,01981036816,Sharjah,2025-07-31
CUST-10040,Raksha Patla,wsaraf@example.net,05145938861,Abu Dhabi,2025-03-08
CUST-10041,Neelima Puri,ojasvirau@example.com,05309183737,Ajman,2024-08-05
CUST-10042,Tripti Ratta,somansanya@example.net,+912077826336,Abu Dhabi,2026-03-25
CUST-10043,Gopal Kari,subramaniamaadhya@example.com,02721604898,Abu Dhabi,2025-02-14
CUST-10044,Jyoti Guha,sagarreyansh@example.net,+915740172946,Abu Dhabi,2025-03-04
CUST-10045,Zarna Deep,hpingle@example.net,+919910953665,Dubai,2025-07-20
CUST-10046,Yatan Sandhu,tanvi17@example.com,+914184187801,Sharjah,2026-06-02
CUST-10047,Widisha Chandra,hritik56@example.com,02368443051,Sharjah,2024-11-29
CUST-10048,Gaurav Ratta,hkari@example.org,09673279127,Dubai,2024-12-03
CUST-10049,Jeevika Vora,bhatraagini@example.com,09100923400,Dubai,2025-03-25
CUST-10050,Veda Jha,kashyapchatura@example.com,01171028394,Dubai,2026-06-17
CUST-10051,Tristan Gupta,kiaan53@example.org,+918654784538,Abu Dhabi,2026-02-25
CUST-10052,Xiti Dhawan,chartimothy@example.com,7510781119,Ajman,2025-03-26
CUST-10053,Aishani Kala,lajita03@example.com,+916456848188,Sharjah,2026-01-03
CUST-10054,Vedhika Kapur,frederick52@example.net,+911749567728,Ajman,2024-10-13
CUST-10055,Aayush Varma,aarnav11@example.org,7915212402,Sharjah,2024-09-21
CUST-10056,Panini Bhat,ydave@example.org,+914575538847,Sharjah,2025-11-10
CUST-10057,Nathaniel Ramakrishnan,advikchaudhuri@example.com,07894182429,Sharjah,2025-12-04
CUST-10058,Xavier Mall,nakul57@example.org,01141344504,Sharjah,2025-10-28
CUST-10059,Suhani Swaminathan,pranav15@example.org,+919322761580,Sharjah,2025-06-11
CUST-10060,Libni Devi,chavvi11@example.com,+915832830020,Ajman,2026-04-06
CUST-10061,Vedika Rattan,sureshjonathan@example.com,+914353257411,Abu Dhabi,2025-09-05
CUST-10062,Dakshesh Char,gilltristan@example.com,05344544097,Dubai,2024-12-14
CUST-10063,Viraj Sahni,madannidhi@example.net,+910020865928,Sharjah,2025-08-07
CUST-10064,Anya Goswami,gopallal@example.net,+911902062222,Abu Dhabi,2026-01-29
CUST-10065,Nitesh Sane,sampathwarinder@example.com,4008246144,Sharjah,2026-05-22
CUST-10066,Krisha Raghavan,shivansh85@example.net,+917046728588,Dubai,2024-09-27
CUST-10067,Varsha Din,kmunshi@example.com,00751582876,Ajman,2025-11-05
CUST-10068,Shivani Som,indali79@example.com,07063888318,Ajman,2025-09-28
CUST-10069,Patrick Karpe,krishbhatt@example.com,+919944463749,Sharjah,2025-12-23
CUST-10070,Om Jain,yashodapillay@example.com,4906307896,Abu Dhabi,2024-10-24
CUST-10071,Raagini Chaudhuri,laban27@example.org,03036815748,Dubai,2025-05-07
CUST-10072,Yug Dave,kiaankara@example.com,7300957412,Dubai,2024-10-13
CUST-10073,Chatura Chander,yaminiswaminathan@example.com,+915550880290,Sharjah,2024-09-17
CUST-10074,Alexander Bansal,madhavigarg@example.com,00955186467,Abu Dhabi,2025-03-06
CUST-10075,Bhavya Nair,shivani26@example.com,01437837469,Ajman,2026-02-03
CUST-10076,Jairaj Kunda,tejaskonda@example.com,6981064011,Sharjah,2025-02-28
CUST-10077,Amrita Bir,sprasad@example.net,+917074703668,Dubai,2025-03-11
CUST-10078,Adya Hora,krishalad@example.com,+910001982872,Sharjah,2026-05-18
CUST-10079,Brinda Yohannan,qravi@example.net,2826170804,Dubai,2025-03-28
CUST-10080,Vihaan Gole,madhavmadan@example.com,06978827959,Dubai,2025-06-10
CUST-10081,Ekavir Gara,khari@example.org,09503885582,Dubai,2024-12-16
CUST-10082,Tripti Dixit,omkaar66@example.com,01822740563,Sharjah,2025-07-01
CUST-10083,Deepa Arora,lakshmi60@example.com,1241124610,Abu Dhabi,2025-03-23
CUST-10084,Hemal Handa,qarin81@example.com,03534835184,Dubai,2025-05-01
CUST-10085,Vedika Aggarwal,zaidmuni@example.org,08277414355,Ajman,2025-08-12
CUST-10086,Faraj Sethi,reva86@example.net,06590426855,Ajman,2026-02-09
CUST-10087,Bimala Butala,tamanna61@example.org,6181163149,Ajman,2025-11-07
CUST-10088,Charita Batra,esarin@example.net,03886293265,Dubai,2025-08-25
CUST-10089,Sathvik Ratti,nnigam@example.net,02808986741,Abu Dhabi,2025-10-17
CUST-10090,Urishilla Chad,yadavi39@example.org,03296877537,Ajman,2025-09-20
CUST-10091,Udarsh Buch,sameshben@example.com,+915192292376,Sharjah,2025-03-07
CUST-10092,Harinakshi Warrior,chaudryviraj@example.com,+917345253702,Abu Dhabi,2025-06-12
CUST-10093,Yauvani Rout,wprasad@example.com,+919555185591,Dubai,2026-06-03
CUST-10094,Hemang Mahal,amol22@example.org,+910994553831,Sharjah,2025-02-27
CUST-10095,Xiti Setty,imarandeo@example.org,2941029547,Abu Dhabi,2025-06-13
CUST-10096,Girish Agrawal,bawachaitaly@example.com,08650843215,Ajman,2026-03-23
CUST-10097,Sneha Singhal,mohanyochana@example.org,5354242978,Sharjah,2026-01-29
CUST-10098,Jonathan Kalita,anvi66@example.net,9392755327,Ajman,2026-02-09
CUST-10099,Fariq Gupta,swalla@example.net,0554804817,Dubai,2026-03-20
CUST-10100,Gagan Tripathi,vchhabra@example.org,5744295213,Sharjah,2025-10-10
CUST-10101,Kamya Swamy,onayak@example.net,+911332401241,Dubai,2024-11-19
CUST-10102,Zansi Ramesh,balankrish@example.com,+913910349018,Ajman,2025-09-16
CUST-10103,Abhiram Johal,nihalpalla@example.net,+917379286919,Ajman,2025-07-09
CUST-10104,Aditya Krishna,guptavinaya@example.org,1031919459,Sharjah,2024-09-19
CUST-10105,Jack Sanghvi,pavanimorar@example.com,0438191137,Sharjah,2025-08-31
CUST-10106,Wyatt Shenoy,fkari@example.org,+915762553221,Dubai,2025-03-21
CUST-10107,Yug Ranganathan,xbir@example.com,+916061186873,Abu Dhabi,2026-05-19
CUST-10108,Chakradhar Sastry,bhallajacob@example.com,+914522164219,Sharjah,2025-02-22
CUST-10109,Amara Tak,bainsbhavika@example.net,+919403061975,Sharjah,2025-02-11
CUST-10110,Tanmayi Balakrishnan,xiti12@example.net,+912926742092,Ajman,2025-10-30
CUST-10111,Ranbir Raj,yochana22@example.net,+917320372829,Abu Dhabi,2024-09-16
CUST-10112,Anya Chatterjee,choudhrychavvi@example.org,00813483896,Abu Dhabi,2024-12-24
CUST-10113,Ekanta Aggarwal,isaiah08@example.org,8994045811,Ajman,2025-09-02
CUST-10114,Ethan Bir,yuvraj13@example.com,00445356401,Dubai,2026-06-02
CUST-10115,Diya Chander,qupadhyay@example.net,4632599822,Sharjah,2025-03-25
CUST-10116,Falak Nair,sunderryan@example.net,9171548224,Abu Dhabi,2025-09-04
CUST-10117,Hritik Apte,horabalvan@example.net,+910384387060,Abu Dhabi,2025-08-29
CUST-10118,Samuel Garde,chavvi22@example.org,+913672211092,Sharjah,2024-09-02
CUST-10119,Meghana Pandya,bassinathaniel@example.com,+910753095367,Ajman,2025-12-02
CUST-10120,Mekhala Lanka,ekata@example.org,9770102022,Abu Dhabi,2026-01-21
CUST-10121,Utkarsh Thaker,zbains@example.org,09382828516,Sharjah,2025-07-16
CUST-10122,Warinder Gara,tbandi@example.com,4389749848,Sharjah,2025-04-24
CUST-10123,Vansha Gopal,thamandalaja@example.com,9996322251,Abu Dhabi,2025-05-08
CUST-10124,Mugdha Chhabra,shethkashish@example.org,+912655207962,Sharjah,2025-05-21
CUST-10125,Eiravati Sanghvi,saumyaghose@example.com,+911944164778,Sharjah,2025-12-11
CUST-10126,Harini Sangha,yagneshshanker@example.org,02612630797,Ajman,2025-03-24
CUST-10127,Ekapad Deep,jnair@example.com,04581478438,Ajman,2025-08-24
CUST-10128,Nihal Dixit,rushil93@example.net,03974669984,Sharjah,2025-11-09
CUST-10129,Udant Bir,gagansinghal@example.com,03165521450,Sharjah,2025-04-09
CUST-10130,Vedika Choudhary,bachittar88@example.org,+914652358163,Abu Dhabi,2026-01-31
CUST-10131,Tanish Garg,sudiksha82@example.com,6224384771,Abu Dhabi,2026-02-12
CUST-10132,Dev Sura,gaurangkarnik@example.net,04649941394,Sharjah,2025-11-14
CUST-10133,Nicholas Anne,manbirdalal@example.com,9849522779,Dubai,2024-11-29
CUST-10134,Ati Bhakta,warhi05@example.org,07575447846,Sharjah,2025-05-26
CUST-10135,Ishani Kohli,sehgalaryan@example.net,03121201918,Abu Dhabi,2025-07-17
CUST-10136,Chaitaly Sen,vedant17@example.org,+918687752051,Sharjah,2025-06-21
CUST-10137,Pooja Gade,rameshforum@example.net,0042038868,Ajman,2024-11-10
CUST-10138,Aadi Bassi,nbhatia@example.com,+912751003923,Dubai,2025-04-23
CUST-10139,Eiravati Hayer,sai65@example.net,4091525281,Sharjah,2025-09-17
CUST-10140,Yashvi Mannan,tkashyap@example.net,1534948758,Abu Dhabi,2024-09-16
CUST-10141,Laban Yohannan,geetika11@example.com,+913439260682,Sharjah,2026-02-12
CUST-10142,Ranbir Sahni,wablehardik@example.com,3176253479,Sharjah,2026-05-27
CUST-10143,Daksha Narula,bmore@example.net,02308926738,Ajman,2026-03-21
CUST-10144,Ojas Dube,eguha@example.com,3035593334,Ajman,2026-05-26
CUST-10145,Lakshit Keer,devsinghal@example.com,08597771852,Abu Dhabi,2025-02-03
CUST-10146,Veer Narang,xavierdhar@example.com,+911195197944,Abu Dhabi,2025-02-01
CUST-10147,Chandran Devan,jagat37@example.net,+917442381338,Dubai,2026-07-07
CUST-10148,Zarna Kata,gopalradhakrishnan@example.org,02679410726,Abu Dhabi,2026-04-29
CUST-10149,Jalsa Sinha,zarnavenkataraman@example.net,+916974486717,Abu Dhabi,2026-03-24
CUST-10150,Chameli Pathak,papte@example.org,04810577324,Abu Dhabi,2025-08-20
CUST-10151,Banjeet Nayak,skhanna@example.org,8383432977,Dubai,2024-09-09
CUST-10152,Anjali Rattan,qkunda@example.com,06883344182,Ajman,2024-11-22
CUST-10153,Laban Gour,valapraneel@example.org,02402988733,Dubai,2026-01-03
CUST-10154,Mohammed Naik,rajaurvashi@example.com,6036712198,Sharjah,2024-08-27
CUST-10155,Vincent Hayre,pahalgrewal@example.org,09108843808,Ajman,2025-03-17
CUST-10156,Harita Bera,balendra64@example.org,02591618677,Sharjah,2026-01-10
CUST-10157,Ubika Karan,fgera@example.org,04238585436,Ajman,2024-08-10
CUST-10158,Xavier Shah,nagyrobert@example.net,3659388037,Abu Dhabi,2024-12-23
CUST-10159,Forum Parmer,jasmitpalla@example.com,05866081734,Abu Dhabi,2026-06-30
CUST-10160,Zaitra Bhasin,aishani56@example.com,07897256448,Abu Dhabi,2026-03-22
CUST-10161,Geetika Wagle,georgekurian@example.net,+912918094628,Dubai,2025-01-29
CUST-10162,Isaiah Iyer,warda83@example.net,9073098559,Abu Dhabi,2025-07-22
CUST-10163,Frederick Dugal,kamdarkavya@example.org,0279720629,Sharjah,2026-07-13
CUST-10164,Harita Shukla,michael21@example.com,+911036857345,Dubai,2026-03-10
CUST-10165,Xavier Lata,anay15@example.com,6038239054,Dubai,2025-03-18
CUST-10166,Advaith Hans,usarkar@example.net,08700626162,Dubai,2025-05-16
CUST-10167,Yash Lad,kalelakshit@example.net,05412392648,Dubai,2026-01-09
CUST-10168,Leena Gandhi,tprabhakar@example.org,07635297598,Dubai,2025-03-04
CUST-10169,Abeer Dada,oviyamanne@example.com,06339735159,Abu Dhabi,2025-07-16
CUST-10170,Ekta Kadakia,esrinivas@example.com,6498913002,Sharjah,2025-03-02
CUST-10171,Lavanya Munshi,sudiksha27@example.net,4223181009,Ajman,2025-04-06
CUST-10172,Vansha Sandhu,shaanjali@example.net,+918807913859,Abu Dhabi,2025-12-22
CUST-10173,Wakeeta Nanda,zraj@example.net,01247570496,Dubai,2025-03-12
CUST-10174,Qasim Shan,rohanseth@example.com,+916998071164,Abu Dhabi,2025-04-10
CUST-10175,Lopa Char,hiralnayak@example.org,+911140776035,Ajman,2024-08-09
CUST-10176,Udant Munshi,gautam58@example.net,05474493513,Dubai,2026-03-17
CUST-10177,Meera Koshy,samuelnair@example.net,1028265564,Sharjah,2025-04-02
CUST-10178,Praneel Bhavsar,lekha49@example.net,+915509433917,Sharjah,2025-09-16
CUST-10179,Advaith Varkey,ndora@example.org,+910485683386,Ajman,2024-12-28
CUST-10180,Aishani Khosla,vedikalal@example.org,+913519494207,Sharjah,2024-10-10
CUST-10181,Wazir Badami,ekiyanarayan@example.net,04217372770,Sharjah,2025-05-23
CUST-10182,Kala Sagar,harish16@example.net,+912045153792,Ajman,2025-03-07
CUST-10183,Ayaan Yogi,vkalla@example.org,+919306773467,Ajman,2025-01-06
CUST-10184,Kai Iyengar,swamyoni@example.com,9221703405,Ajman,2025-06-22
CUST-10185,Dayita Loyal,krisheta@example.com,2175494493,Abu Dhabi,2026-04-04
CUST-10186,Jack Raman,isarma@example.net,06795137100,Abu Dhabi,2025-01-01
CUST-10187,Chandresh Dasgupta,zachariahtanish@example.org,1257638082,Dubai,2026-03-26
CUST-10188,Advay Nagi,pahal49@example.org,06987168967,Dubai,2025-11-27
CUST-10189,Aditya Das,ekanshrai@example.com,07181214841,Abu Dhabi,2026-04-16
CUST-10190,Deepa Warrior,dalbirsheth@example.com,8963791569,Ajman,2026-01-16
CUST-10191,Shivansh Sandal,omyaaggarwal@example.org,3242895004,Sharjah,2024-11-24
CUST-10192,Nisha Hans,apteparth@example.net,+912654086711,Dubai,2025-11-27
CUST-10193,Chandresh Din,narasimhanrishi@example.com,0796140174,Dubai,2026-05-16
CUST-10194,Advika Deol,jayaramanalka@example.org,8323091127,Ajman,2025-12-07
CUST-10195,Manan Barad,qbassi@example.com,01546606080,Ajman,2024-12-04
CUST-10196,Chandran Nagy,mganguly@example.org,05134514648,Abu Dhabi,2026-01-29
CUST-10197,Gayathri Jain,saibarad@example.org,02987850044,Abu Dhabi,2026-05-12
CUST-10198,Bhanumati Dugal,daveekaja@example.net,09615856808,Abu Dhabi,2025-08-16
CUST-10199,Falguni Barad,qraju@example.com,01420142535,Ajman,2025-11-05
CUST-10200,Oeshi Pingle,ybuch@example.org,+917476163709,Sharjah,2026-03-02
CUST-10201,Udant Malhotra,imorar@example.org,09046174892,Ajman,2026-04-20
CUST-10202,Pranav Roy,mukherjeewarinder@example.net,+914035983260,Ajman,2025-01-24
CUST-10203,Eesha Gala,batrafarhan@example.com,00498737518,Dubai,2024-07-27
CUST-10204,Qadim Dube,singhalekta@example.org,+917470530843,Sharjah,2025-05-23
CUST-10205,Yutika Magar,advik49@example.net,5723339966,Ajman,2026-06-24
CUST-10206,Chasmum Kannan,rsaxena@example.com,7228470330,Dubai,2025-03-02
CUST-10207,Anay Mane,uramaswamy@example.net,3450162215,Sharjah,2025-09-12
CUST-10208,Warinder Soman,neelsule@example.org,+918612513429,Ajman,2026-03-11
CUST-10209,Sanaya Gill,jaggijeevika@example.net,+919226743063,Dubai,2025-10-14
CUST-10210,Advay Narasimhan,cuppal@example.com,+911889483044,Dubai,2024-08-16
CUST-10211,Balhaar Wable,mbhardwaj@example.net,1637629354,Dubai,2025-10-02
CUST-10212,Vivaan Dutt,unnatibarad@example.net,+912529498983,Dubai,2024-09-04
CUST-10213,Zinal Pillay,adasgupta@example.com,04010277541,Abu Dhabi,2025-10-14
CUST-10214,Isaiah Kala,singhaladweta@example.net,+918099934100,Ajman,2024-08-25
CUST-10215,Vrishti Divan,gsabharwal@example.net,+915848178906,Abu Dhabi,2025-07-04
CUST-10216,Quincy Vaidya,vedaraju@example.net,02741707397,Abu Dhabi,2024-08-30
CUST-10217,Urishilla Viswanathan,xnaik@example.net,1396441577,Abu Dhabi,2026-06-24
CUST-10218,Nachiket Kannan,kamyabir@example.net,4106250566,Dubai,2024-10-25
CUST-10219,Hritik Ramaswamy,gbir@example.com,00399339004,Sharjah,2025-03-19
CUST-10220,Yash Kara,varsharamakrishnan@example.net,7866559096,Ajman,2025-11-29
CUST-10221,Aishani Yohannan,oparekh@example.org,8234268445,Sharjah,2025-12-28
CUST-10222,Yashoda Mani,jagdish33@example.net,06873166979,Abu Dhabi,2025-10-13
CUST-10223,Gaurang Mani,raagini10@example.net,00553515938,Ajman,2025-01-17
CUST-10224,Niharika Wable,mparmar@example.net,4408241229,Sharjah,2026-05-10
CUST-10225,Vyanjana Ravel,sharayaan@example.net,+912787058817,Dubai,2026-04-12
CUST-10226,Warda Thakur,aashi21@example.org,02118041866,Ajman,2025-07-27
CUST-10227,Krish Konda,sarthak16@example.com,8631407763,Dubai,2025-01-17
CUST-10228,Rachana Raghavan,nagymanan@example.net,01040059434,Sharjah,2025-06-15
CUST-10229,Atharv Wason,ekaja53@example.com,+911638019100,Sharjah,2026-05-23
CUST-10230,Jeremiah Lall,skhurana@example.net,09145571591,Ajman,2026-01-26
CUST-10231,Tanvi Chana,balvan79@example.com,06906167783,Abu Dhabi,2024-09-11
CUST-10232,Ekantika Varkey,nathanielsengupta@example.net,9290183158,Abu Dhabi,2026-01-13
CUST-10233,Harrison Chaudry,pbassi@example.net,+910487708439,Sharjah,2025-01-23
CUST-10234,Shivani Agarwal,dpalan@example.com,5301990279,Dubai,2026-07-07
CUST-10235,Abdul Gara,qbanerjee@example.net,+912801087613,Sharjah,2025-10-16
CUST-10236,Rachana Palla,samratanveer@example.com,06808983817,Abu Dhabi,2025-05-11
CUST-10237,Hemangini Rao,robert11@example.net,7036340110,Ajman,2025-03-01
CUST-10238,Chaitanya Chaudry,hkalita@example.org,00115979734,Sharjah,2025-11-06
CUST-10239,Naksh Badal,advikaram@example.org,8564235267,Dubai,2025-05-08
CUST-10240,Vincent Dixit,loyalchanchal@example.com,+918922920894,Ajman,2025-09-28
CUST-10241,Vedant Rattan,henrykadakia@example.com,7635050882,Abu Dhabi,2025-12-08
CUST-10242,David Dada,sunderyutika@example.net,05472054925,Sharjah,2025-07-09
CUST-10243,Samar Shan,emadan@example.com,03041513322,Dubai,2024-11-05
CUST-10244,Advika Padmanabhan,nachiketgoel@example.org,09358597731,Sharjah,2026-07-08
CUST-10245,Vasatika Sant,garimapatla@example.com,05693955039,Ajman,2025-08-19
CUST-10246,Andrew Sankar,maanasbhandari@example.net,07331751476,Abu Dhabi,2024-12-26
CUST-10247,Leena Mitra,lucky98@example.org,07511853762,Dubai,2026-06-19
CUST-10248,Neelima Sura,gabriel86@example.com,5723869776,Ajman,2024-08-08
CUST-10249,Jalsa Raval,vasana60@example.org,4903527744,Dubai,2024-10-25
CUST-10250,Vasana Yadav,radhikabhandari@example.org,+917470382299,Sharjah,2025-08-02
CUST-10251,Bachittar Narula,joshileena@example.com,06893581546,Ajman,2025-05-28
CUST-10252,Om Chauhan,rsarraf@example.com,+913496392071,Abu Dhabi,2024-09-30
CUST-10253,Henry Gulati,oyadav@example.net,+918948308785,Dubai,2025-02-15
CUST-10254,Siddharth Raju,fdeo@example.com,+916830682811,Ajman,2025-04-15
CUST-10255,Reyansh Lall,vbadami@example.com,08813091620,Abu Dhabi,2025-08-24
CUST-10256,Unnati Bhatnagar,girish72@example.net,7721404230,Sharjah,2026-06-05
CUST-10257,Hemang Sachdeva,dassethan@example.net,+918355632697,Sharjah,2024-10-16
CUST-10258,Raagini Nair,sundertanish@example.org,04356343044,Ajman,2025-06-28
CUST-10259,Damini Modi,hanshemangini@example.com,+910440420393,Abu Dhabi,2025-02-24
CUST-10260,Meghana Chhabra,jbedi@example.org,08161766899,Sharjah,2024-09-30
CUST-10261,Sanaya Parikh,ikshitasabharwal@example.org,02597678703,Sharjah,2024-07-26
CUST-10262,Balendra Krishna,nadkarnidalbir@example.org,2365866268,Sharjah,2026-06-17
CUST-10263,Sathvik Soni,giriksane@example.com,+915938544956,Ajman,2026-01-14
CUST-10264,Odika Oak,ansh92@example.com,05462188076,Sharjah,2025-03-29
CUST-10265,Veda Parmer,psalvi@example.org,3458342920,Dubai,2024-11-08
CUST-10266,Tanay Char,aryayutika@example.org,3307059534,Dubai,2024-11-23
CUST-10267,Karan Bail,hemani32@example.net,+916192343487,Sharjah,2024-10-27
CUST-10268,Gaurang Chowdhury,chartheodore@example.net,03979251552,Abu Dhabi,2025-02-12
CUST-10269,Jack Sahni,pradhanjatin@example.org,+914616493326,Ajman,2026-02-15
CUST-10270,Forum Acharya,bhardwajekani@example.net,4107350637,Dubai,2025-10-13
CUST-10271,Tarak Kara,nayakdaksha@example.org,+918724710380,Dubai,2025-06-29
CUST-10272,Dayamai Butala,forum04@example.com,+918599706999,Abu Dhabi,2024-10-10
CUST-10273,Indali Talwar,voraaarna@example.net,4963465111,Abu Dhabi,2024-08-13
CUST-10274,Noah Contractor,thakurfaras@example.org,08707621478,Ajman,2025-05-07
CUST-10275,Raagini Sandhu,sarafansh@example.com,7386622181,Ajman,2026-05-23
CUST-10276,Gagan Sarraf,aaravdara@example.org,9577290023,Sharjah,2025-02-11
CUST-10277,Dayamai Shukla,pranavviswanathan@example.org,+913993072990,Dubai,2025-12-27
CUST-10278,Anamika Kapur,ayaandoshi@example.com,9464133009,Abu Dhabi,2025-04-12
CUST-10279,Lakshit Mammen,bgole@example.org,+915465224458,Abu Dhabi,2025-05-16
CUST-10280,Anthony Goyal,lucky76@example.com,+916592121901,Dubai,2025-07-09
CUST-10281,Chaaya Basak,maanasbhargava@example.org,07562651878,Ajman,2025-06-08
CUST-10282,Waida Bala,doctorekiya@example.org,+917352654827,Sharjah,2025-02-22
CUST-10283,Jason Naik,nshere@example.org,+918235085573,Ajman,2026-05-26
CUST-10284,Leela Wali,pbalasubramanian@example.com,+918536380511,Dubai,2024-09-04
CUST-10285,Ayaan Sodhi,pallakritika@example.com,1045181943,Sharjah,2024-11-09
CUST-10286,Quincy Minhas,omraju@example.net,05742005984,Ajman,2026-06-03
CUST-10287,Qarin Mukhopadhyay,noah94@example.org,02915170954,Dubai,2025-04-09
CUST-10288,Abeer Sarkar,mekhala85@example.net,+916398040772,Sharjah,2025-01-04
CUST-10289,Finn Tandon,william00@example.org,07376643955,Abu Dhabi,2024-09-19
CUST-10290,Jasmit Shukla,dhruv88@example.com,02027160845,Sharjah,2025-02-18
CUST-10291,Vaishnavi Bhandari,masonchaudhuri@example.com,+919071064389,Abu Dhabi,2024-11-27
CUST-10292,Nikita Madan,fnair@example.org,03077593236,Abu Dhabi,2024-08-03
CUST-10293,Varsha Balay,agola@example.net,+914103966987,Dubai,2024-07-29
CUST-10294,Utkarsh Rastogi,ramanathandamini@example.org,07773513933,Sharjah,2025-01-27
CUST-10295,Waida Devi,nirjabadami@example.org,3522256191,Dubai,2025-04-11
CUST-10296,Manan Koshy,fgade@example.org,+914847287609,Abu Dhabi,2025-10-06
CUST-10297,Tanmayi Patil,virajsridhar@example.net,03997910454,Sharjah,2025-03-01
CUST-10298,Aradhana Natt,quincy68@example.com,2446926106,Abu Dhabi,2026-04-21
CUST-10299,Amruta Mannan,radhakrishnandarika@example.org,+913040623611,Abu Dhabi,2024-10-27
CUST-10300,Omaja Bhalla,qkala@example.com,0328519082,Sharjah,2026-05-10
CUST-10301,Wriddhish Upadhyay,samesh31@example.com,04278689034,Sharjah,2025-04-13
CUST-10302,Raagini Vohra,samar77@example.net,5356287256,Dubai,2024-08-07
CUST-10303,Gaurika Pau,ganesansneha@example.org,+918688151668,Abu Dhabi,2025-06-13
CUST-10304,Elijah Kata,kloke@example.net,7207414202,Sharjah,2025-09-14
CUST-10305,Krishna Narayanan,omajadhaliwal@example.com,5139170468,Sharjah,2024-11-12
CUST-10306,Azaan Pal,sara17@example.net,09758826294,Abu Dhabi,2024-09-05
CUST-10307,Kamala Sahni,varugheseosha@example.com,02240790989,Ajman,2024-08-08
CUST-10308,Xavier Issac,ykapoor@example.com,1638529479,Ajman,2025-07-29
CUST-10309,Ishaan Jha,charan39@example.net,0375183625,Ajman,2025-10-21
CUST-10310,Meghana Viswanathan,jacksonhegde@example.net,2622393360,Abu Dhabi,2026-05-21
CUST-10311,Azaan Wagle,devsheth@example.com,0211498216,Sharjah,2026-05-01
CUST-10312,Advay Oak,valaayaan@example.net,02497311106,Ajman,2025-09-12
CUST-10313,Chanakya Borra,kmunshi@example.org,07650475855,Ajman,2024-11-03
CUST-10314,Jagat Dugar,aurorasathvik@example.net,02059392266,Abu Dhabi,2025-03-22
CUST-10315,Inaya Handa,nehavirk@example.net,3004019619,Dubai,2024-12-16
CUST-10316,Owen Narayanan,qbutala@example.org,+917653560275,Sharjah,2024-12-12
CUST-10317,Kabir Barman,arjunsankaran@example.net,2197647738,Dubai,2026-01-06
CUST-10318,Champak Borde,nchaudhuri@example.org,01932856866,Abu Dhabi,2024-12-07
CUST-10319,Zarna Rastogi,sendev@example.net,3168814793,Ajman,2024-12-05
CUST-10320,Saumya Sundaram,vchadha@example.net,06247742311,Abu Dhabi,2024-12-27
CUST-10321,Chameli Handa,duazaitra@example.com,+910233717549,Sharjah,2025-07-24
CUST-10322,Wridesh Thaman,brijesh34@example.com,5204824942,Ajman,2025-05-30
CUST-10323,Urishilla Manda,ayushman03@example.net,00218023420,Dubai,2026-04-09
CUST-10324,Bishakha Merchant,aarnav47@example.net,+916879779763,Dubai,2025-12-14
CUST-10325,Zaid Barman,nathanratta@example.org,8327984177,Abu Dhabi,2025-03-08
CUST-10326,Ira Wadhwa,pranit69@example.org,+910490503979,Sharjah,2024-08-08
CUST-10327,Yashoda Kamdar,brinda85@example.com,+913350816333,Ajman,2025-09-17
CUST-10328,Wyatt Mody,chaman34@example.com,04480195903,Abu Dhabi,2024-08-30
CUST-10329,Abhiram Tandon,forum69@example.org,+915706633399,Dubai,2024-12-02
CUST-10330,Reyansh Ramesh,prabhakarfiyaz@example.com,+917098667975,Abu Dhabi,2025-05-30
CUST-10331,Nidra Khurana,lsibal@example.net,04996524280,Dubai,2025-07-09
CUST-10332,Anjali Vig,bsethi@example.com,8366986950,Abu Dhabi,2025-11-20
CUST-10333,Orinder Koshy,teerthbutala@example.net,01912218989,Abu Dhabi,2024-09-12
CUST-10334,Gayathri Lanka,akurian@example.net,0850503113,Dubai,2025-04-25
CUST-10335,Yochana Ravel,abduldayal@example.org,04352103972,Abu Dhabi,2026-05-22
CUST-10336,Imaran Khosla,vamakshi11@example.com,03898259090,Sharjah,2025-04-16
CUST-10337,Vinaya Mangat,roybhavya@example.org,09709438960,Sharjah,2026-01-31
CUST-10338,Sanaya Bhasin,mohangayathri@example.org,7082788289,Ajman,2024-09-05
CUST-10339,Maanas Halder,sahotadevansh@example.org,01990881790,Ajman,2025-08-15
CUST-10340,Ojas Mitter,vasudha26@example.org,3416933544,Sharjah,2025-02-09
CUST-10341,Aarna Chad,yashodharabiswas@example.org,05112573381,Abu Dhabi,2025-07-24
CUST-10342,Shivani Krishnan,aayushdevan@example.org,05967214432,Dubai,2024-08-06
CUST-10343,Bhanumati Rao,ikant@example.com,03556499900,Abu Dhabi,2025-11-30
CUST-10344,Darpan Biswas,somanvyanjana@example.com,+918718015176,Sharjah,2024-08-14
CUST-10345,Balendra Jain,adwetaradhakrishnan@example.net,+911683457802,Abu Dhabi,2025-04-07
CUST-10346,Luke Cheema,krishasingh@example.org,00816063319,Ajman,2025-01-20
CUST-10347,Anmol Palan,dkakar@example.net,1859246044,Sharjah,2024-09-17
CUST-10348,Atharv Grover,mitesh92@example.com,08095757182,Abu Dhabi,2025-10-21
CUST-10349,Baghyawati Madan,azaan68@example.org,06962514574,Ajman,2024-11-13
CUST-10350,Frederick Sarna,pallarachita@example.net,05874416096,Dubai,2025-10-02
CUST-10351,Sanya Sastry,waglekrishna@example.org,08855121818,Abu Dhabi,2024-08-17
CUST-10352,Shravya Mander,zkurian@example.com,07065935790,Dubai,2025-06-23
CUST-10353,Gabriel Chand,dhruvupadhyay@example.org,9022282064,Ajman,2025-03-24
CUST-10354,Chakradev Sengupta,dayamaijoshi@example.net,7057777541,Abu Dhabi,2026-07-08
CUST-10355,Dalaja Parmar,tripathiisaiah@example.com,+916773422113,Abu Dhabi,2025-06-04
CUST-10356,Zehaan Walla,hansvihaan@example.net,+918987912882,Ajman,2026-02-05
CUST-10357,Unnati Gole,xshukla@example.net,05264819917,Abu Dhabi,2024-10-22
CUST-10358,Anjali Loke,jseshadri@example.net,+917832706917,Ajman,2025-09-14
CUST-10359,Saanvi Subramanian,fradosom@example.org,02538178653,Abu Dhabi,2024-07-28
CUST-10360,Champak Gala,gaganmishra@example.org,2646403523,Abu Dhabi,2024-11-07
CUST-10361,Xalak Chada,lbahl@example.com,2527943241,Dubai,2025-02-18
CUST-10362,Arunima Chowdhury,udyatisane@example.org,+915583967021,Dubai,2025-12-09
CUST-10363,Waida Balan,ishaan10@example.net,8980188336,Dubai,2026-07-18
CUST-10364,Aarav Narayanan,pahaldube@example.net,0701185737,Sharjah,2026-02-21
CUST-10365,Yadavi Zachariah,anamikamerchant@example.com,00315327598,Ajman,2025-07-19
CUST-10366,Ishanvi Mishra,kumarlekha@example.org,+918001226041,Ajman,2026-05-14
CUST-10367,Aayush Chawla,chandani47@example.net,+912531730180,Ajman,2025-01-16
CUST-10368,Arin Acharya,gopalfrederick@example.com,+916987036194,Abu Dhabi,2024-11-04
CUST-10369,Meera Mangal,dhawanmatthew@example.com,9272402145,Sharjah,2025-02-22
CUST-10370,Tanvi Kata,xedwin@example.net,3810674822,Abu Dhabi,2026-04-19
CUST-10371,Reva Dara,bobalrehaan@example.org,+919844797760,Abu Dhabi,2025-08-21
CUST-10372,Chaitaly Shan,ssrinivas@example.net,8885271139,Dubai,2025-03-12
CUST-10373,Arunima Dass,yohannandaksh@example.org,1674013318,Dubai,2026-03-04
CUST-10374,Finn Sahni,urmi58@example.org,+910088720789,Sharjah,2025-12-16
CUST-10375,Imaran Konda,brahmbhattsanaya@example.org,7856456514,Dubai,2025-09-18
CUST-10376,Nidra Loke,andrew65@example.net,04592961646,Abu Dhabi,2026-06-06
CUST-10377,Jyoti Chaudhari,anay35@example.com,00035697207,Ajman,2026-03-06
CUST-10378,Neelima Suresh,vansha79@example.com,6770763179,Ajman,2025-01-15
CUST-10379,Yuvraj Ratti,veerlata@example.com,4084810212,Dubai,2026-03-02
CUST-10380,Zashil Bhavsar,siya11@example.org,03116956133,Ajman,2026-07-02
CUST-10381,Sai Uppal,vasatikasawhney@example.com,+913421320777,Sharjah,2025-12-12
CUST-10382,Ekta Vohra,tamannadatta@example.org,+910200673791,Dubai,2024-12-17
CUST-10383,Sneha Kakar,zsur@example.net,02613840511,Ajman,2025-04-27
CUST-10384,Lekha Kala,bsule@example.net,+910132294170,Abu Dhabi,2026-07-23
CUST-10385,Ganga Pandya,jchaudhuri@example.com,7112791844,Ajman,2024-11-01
CUST-10386,Reyansh Aurora,chakradevdube@example.com,7399809935,Dubai,2025-07-01
CUST-10387,Hemang Kohli,upasna86@example.net,6043598128,Dubai,2024-11-01
CUST-10388,Zaid Chahal,prakashudant@example.org,9270976319,Abu Dhabi,2026-02-04
CUST-10389,Zaitra Choudhary,girik92@example.org,6129550980,Abu Dhabi,2025-09-01
CUST-10390,Dayamai Kant,anandqushi@example.net,09134876793,Dubai,2025-02-27
CUST-10391,Rachita Prabhu,odube@example.com,04348392289,Abu Dhabi,2025-09-28
CUST-10392,Ishita Swamy,rmanda@example.net,08581490245,Sharjah,2024-08-04
CUST-10393,Hiral Chaudry,rudra24@example.net,01597268123,Sharjah,2026-06-21
CUST-10394,Abeer Hans,vsetty@example.net,02271488944,Dubai,2026-06-22
CUST-10395,Ekapad Ranganathan,wyatt53@example.com,+918477475888,Ajman,2026-07-10
CUST-10396,Shivansh Patil,qarin14@example.net,06230070495,Abu Dhabi,2025-04-09
CUST-10397,Ronith Gandhi,bhavya99@example.org,+911493415159,Dubai,2025-11-21
CUST-10398,Jack Ramanathan,brout@example.net,05917874170,Ajman,2025-05-23
CUST-10399,Urishilla Korpal,binathakur@example.net,+918988117436,Dubai,2025-10-06
CUST-10400,Isha Merchant,chakrikatara@example.com,08919109798,Ajman,2025-10-04
CUST-10401,Chaitanya Korpal,lukereddy@example.net,+918597330598,Sharjah,2024-10-01
CUST-10402,Utkarsh Seth,meghabose@example.org,6865525914,Ajman,2025-10-13
CUST-10403,Saanvi Gandhi,zehaan06@example.com,7957369168,Sharjah,2025-06-19
CUST-10404,Benjamin Chauhan,cedwin@example.net,05775861763,Abu Dhabi,2026-04-02
CUST-10405,Gautam Agate,chakradhar58@example.net,+919670730298,Dubai,2024-09-08
CUST-10406,Hemangini Dewan,zansi52@example.net,+917699611744,Dubai,2025-06-06
CUST-10407,Wriddhish Saran,arya31@example.org,8405391514,Sharjah,2024-12-27
CUST-10408,Jagrati Din,qadim54@example.net,09309801138,Dubai,2025-04-14
CUST-10409,Harrison Chawla,bachittarchandran@example.net,05629098288,Dubai,2024-09-14
CUST-10410,Jhalak Yogi,kalahemal@example.com,07331612751,Abu Dhabi,2026-05-11
CUST-10411,Abha Sachdeva,upkaar02@example.net,01670045010,Dubai,2024-08-17
CUST-10412,Kevin Karnik,sastryganga@example.net,+913062953179,Sharjah,2025-08-18
CUST-10413,Matthew Chandran,adyabhagat@example.net,7063700125,Sharjah,2025-11-21
CUST-10414,Qushi Jha,nitara85@example.net,+913739715131,Ajman,2026-07-10
CUST-10415,Omaja Kale,paninisharma@example.net,+913356597636,Abu Dhabi,2025-01-10
CUST-10416,Xiti Chahal,dasguptalucky@example.net,+918931464224,Ajman,2025-01-27
CUST-10417,Arya Venkataraman,qadim74@example.net,+911475067602,Dubai,2026-04-05
CUST-10418,Charita Tripathi,indalichaudhry@example.org,+911975745929,Dubai,2025-10-25
CUST-10419,Ishaan Sani,jairajsarkar@example.org,+919692814680,Sharjah,2025-12-06
CUST-10420,Zaid Narayan,ranveervyas@example.org,02753699864,Dubai,2025-01-02
CUST-10421,Bakhshi Ganesan,qasimnadig@example.org,8150298744,Sharjah,2025-12-25
CUST-10422,Forum Ravi,tdeshpande@example.net,9696118208,Abu Dhabi,2026-01-03
CUST-10423,Arin Palan,nagyomaja@example.com,7203199998,Dubai,2025-04-18
CUST-10424,Faris Magar,dsengupta@example.com,6017479208,Ajman,2024-10-21
CUST-10425,Prisha Sant,lvaidya@example.com,03188988146,Ajman,2024-11-25
CUST-10426,Liam Mannan,karnikaayush@example.com,+912324897663,Sharjah,2025-06-15
CUST-10427,Udant Gera,rajandevika@example.com,6881349784,Sharjah,2026-06-18
CUST-10428,Inaya Kurian,yashawini39@example.net,3078708714,Ajman,2025-06-11
CUST-10429,Yashodhara Walia,pchaudhry@example.org,02726939318,Sharjah,2026-01-18
CUST-10430,Joshua Menon,siya73@example.net,6038301044,Sharjah,2025-04-21
CUST-10431,Aarnav Rattan,flad@example.net,+919323966029,Dubai,2026-06-18
CUST-10432,Advika Ravi,warjas97@example.net,0587128853,Dubai,2025-11-25
CUST-10433,Imaran Balan,zaitra44@example.com,05609639784,Ajman,2026-01-20
CUST-10434,Bhavini Chandra,laban54@example.org,02263613663,Abu Dhabi,2025-03-03
CUST-10435,Avi Saran,gangabal@example.net,05868457893,Sharjah,2026-04-29
CUST-10436,Gayathri Chatterjee,zayansem@example.net,9142235442,Sharjah,2026-01-01
CUST-10437,Nidra Loke,karan03@example.org,07549099243,Sharjah,2024-11-06
CUST-10438,Chakradev Patla,panchalarya@example.org,08222528856,Dubai,2025-10-06
CUST-10439,Tarak Solanki,madhavivarma@example.org,05648801499,Dubai,2024-11-27
CUST-10440,Kai Zachariah,baliparth@example.org,9376644440,Sharjah,2024-12-25
CUST-10441,Gaurang Kaur,lalagautami@example.net,7599101323,Sharjah,2025-08-19
CUST-10442,Balvan Dhillon,rminhas@example.org,04539069412,Dubai,2025-04-22
CUST-10443,Suhani Krishnan,jayaramanyasti@example.org,02546482690,Sharjah,2025-07-31
CUST-10444,Yasti Dixit,omya31@example.org,+910192103219,Dubai,2025-08-31
CUST-10445,Reyansh Varty,wablehemani@example.com,+912473238858,Ajman,2026-06-17
CUST-10446,Azad Dar,nagyzilmil@example.net,5352773248,Ajman,2025-08-30
CUST-10447,Jhalak Handa,hemal30@example.com,4247080248,Abu Dhabi,2025-12-16
CUST-10448,Garima Subramanian,champak71@example.com,07593680067,Ajman,2024-09-06
CUST-10449,Agastya Borra,tejas27@example.net,2783802491,Dubai,2026-01-08
CUST-10450,Avni Dave,isolanki@example.org,+917215974458,Sharjah,2025-10-02
CUST-10451,Harish Dhar,georgesaha@example.com,+912912170032,Sharjah,2025-08-31
CUST-10452,Maanas Desai,priyadatta@example.org,9183935781,Sharjah,2026-02-22
CUST-10453,Ishani Sabharwal,baljiwan40@example.net,2401598257,Abu Dhabi,2024-09-24
CUST-10454,Agastya Zacharia,nakulprakash@example.com,+912373537159,Abu Dhabi,2025-06-15
CUST-10455,Praneel Chandran,rushil44@example.org,8914803220,Abu Dhabi,2025-04-09
CUST-10456,Fariq Ram,harinakshi73@example.org,6300350347,Sharjah,2025-07-21
CUST-10457,Gaurika Sur,ghosechandani@example.org,0846738498,Abu Dhabi,2024-12-24
CUST-10458,Hema Sidhu,girindrakulkarni@example.net,+917584914120,Abu Dhabi,2024-11-06
CUST-10459,Agastya Gola,jdeol@example.com,09743073282,Abu Dhabi,2025-07-30
CUST-10460,Yatan Chopra,tbhargava@example.org,+910115663852,Ajman,2024-09-01
CUST-10461,Bahadurjit Lall,fpatla@example.com,+911346261126,Dubai,2026-04-06
CUST-10462,Onkar Sidhu,isaacratti@example.org,1405039095,Ajman,2024-12-27
CUST-10463,Sachi Aurora,nchander@example.net,1899144570,Sharjah,2026-06-08
CUST-10464,Abhimanyu Char,urishillaluthra@example.com,+919636476464,Dubai,2025-11-18
CUST-10465,Ekta Om,hgade@example.com,02716283828,Ajman,2025-08-22
CUST-10466,Vincent Sankaran,jsur@example.com,02183822660,Abu Dhabi,2026-01-10
CUST-10467,Jatin Lalla,contractorutkarsh@example.net,01540360544,Abu Dhabi,2025-08-07
CUST-10468,Veer Ganesan,hitesh54@example.org,+915426945050,Ajman,2024-08-18
CUST-10469,Ishita Suresh,unni01@example.com,+919479449521,Ajman,2024-10-15
CUST-10470,Yashica Kanda,niharikahora@example.net,+915073963987,Abu Dhabi,2024-08-09
CUST-10471,Dominic Buch,bhavikabandi@example.net,+914816077030,Ajman,2026-01-01
CUST-10472,Kavya Mane,andrayashodhara@example.com,06924611331,Abu Dhabi,2025-04-15
CUST-10473,Matthew Chowdhury,aachalmajumdar@example.net,2009559902,Sharjah,2025-09-09
CUST-10474,Rudra Khanna,urvashi98@example.net,7954342726,Dubai,2025-06-20
CUST-10475,Chakrika Chaudhry,senguptamadhav@example.org,07798692814,Abu Dhabi,2025-06-08
CUST-10476,Rachana Korpal,tanaybala@example.com,+913016664717,Sharjah,2026-05-18
CUST-10477,Divya Deshmukh,manepranit@example.net,08811182514,Sharjah,2026-01-10
CUST-10478,David Halder,rattakashvi@example.com,1523356685,Dubai,2025-12-12
CUST-10479,Fariq Warrior,bimala74@example.net,+917514322779,Ajman,2025-12-11
CUST-10480,Chaaya Roy,rsandhu@example.org,+910600966680,Sharjah,2024-09-23
CUST-10481,Riya Mahajan,balendra15@example.net,+918621892943,Ajman,2026-05-03
CUST-10482,Indira Hayre,brijeshvyas@example.org,01556625051,Dubai,2024-12-26
CUST-10483,Aadi Chaudhari,annehamsini@example.net,02429783992,Ajman,2025-05-19
CUST-10484,Vrishti Yohannan,nakuldass@example.com,7147714176,Abu Dhabi,2025-10-09
CUST-10485,Anamika Pall,kalaamruta@example.net,08204481651,Abu Dhabi,2025-04-03
CUST-10486,Anvi Sarraf,hardikmutti@example.net,+919650466999,Dubai,2026-05-20
CUST-10487,Eiravati Nayar,edhitha78@example.net,+918233168364,Dubai,2025-01-10
CUST-10488,Karan Banik,bmand@example.com,+912396925515,Sharjah,2026-06-23
CUST-10489,Brijesh Hans,mugdharamakrishnan@example.com,07197521857,Ajman,2025-06-02
CUST-10490,Yoshita Sehgal,hamsinisanghvi@example.org,5078781432,Abu Dhabi,2026-03-17
CUST-10491,Hema Gupta,zbhardwaj@example.com,06510615751,Dubai,2025-05-12
CUST-10492,Baghyawati Vasa,vdoctor@example.net,8177264231,Dubai,2024-09-19
CUST-10493,Maanav Ramachandran,manbir81@example.net,8130463043,Sharjah,2024-12-31
CUST-10494,Harrison Vora,deovritti@example.com,04168611203,Dubai,2024-11-22
CUST-10495,Bahadurjit Mistry,shivanimitter@example.net,+916532268027,Ajman,2026-05-18
CUST-10496,Upma Grover,bhalladiya@example.net,+910504606915,Ajman,2025-10-09
CUST-10497,Peter Joshi,fitankala@example.org,+914516258920,Dubai,2026-04-16
CUST-10498,Upkaar Parsa,sampathabha@example.org,0139626705,Dubai,2026-05-08
CUST-10499,Nathaniel Mitter,nkapadia@example.com,+914875860169,Abu Dhabi,2025-01-23
